"position","const","created","modified","description","Title","Title type","Directors","You rated","IMDb Rating","Runtime (mins)","Year","Genres","Num. Votes","Release Date (month/day/year)","URL"
"1","tt0457655","Sun Dec 22 00:00:00 2013","","","After the Wedding","Feature Film","Susanne Bier","10","7.8","120","2006","drama","27192","2006-02-24","http://www.imdb.com/title/tt0457655/"
"2","tt2059255","Sun Dec 22 00:00:00 2013","","","No","Feature Film","Pablo Larraín","9","7.4","118","2012","drama","19655","2012-05-18","http://www.imdb.com/title/tt2059255/"
"3","tt0060371","Sun Dec 22 00:00:00 2013","","","The Endless Summer","Documentary","Bruce Brown","10","7.8","95","1966","documentary, sport","4098","1966-06-15","http://www.imdb.com/title/tt0060371/"
"4","tt1606392","Sun Dec 22 00:00:00 2013","","","Win Win","Feature Film","Tom McCarthy","9","7.2","106","2011","comedy, drama, sport","49778","2011-01-21","http://www.imdb.com/title/tt1606392/"
"5","tt0310793","Sun Dec 22 00:00:00 2013","","","Bowling for Columbine","Documentary","Michael Moore","10","8.0","120","2002","documentary, crime, drama","127696","2002-05-16","http://www.imdb.com/title/tt0310793/"
"6","tt0379725","Sun Dec 22 00:00:00 2013","","","Capote","Feature Film","Bennett Miller","8","7.4","114","2005","biography, crime, drama, history","106652","2005-09-02","http://www.imdb.com/title/tt0379725/"
"7","tt1440292","Sun Dec 22 00:00:00 2013","","","Submarine","Feature Film","Richard Ayoade","9","7.3","97","2010","comedy, drama, romance","71617","2010-09-12","http://www.imdb.com/title/tt1440292/"
"8","tt1602620","Sun Dec 22 00:00:00 2013","","","Amour","Feature Film","Michael Haneke","10","7.9","127","2012","drama, romance","75621","2012-05-20","http://www.imdb.com/title/tt1602620/"
"9","tt0842926","Sun Dec 22 00:00:00 2013","","","The Kids Are All Right","Feature Film","Lisa Cholodenko","10","7.1","106","2010","comedy, drama, romance","114585","2010-01-25","http://www.imdb.com/title/tt0842926/"
"10","tt0314331","Sun Dec 22 00:00:00 2013","","","Love Actually","Feature Film","Richard Curtis","6","7.7","135","2003","comedy, drama, romance","342645","2003-09-07","http://www.imdb.com/title/tt0314331/"
"11","tt0467406","Sun Dec 22 00:00:00 2013","","","Juno","Feature Film","Jason Reitman","10","7.5","96","2007","comedy, drama","434483","2007-09-01","http://www.imdb.com/title/tt0467406/"
"12","tt0298203","Sun Dec 22 00:00:00 2013","","","8 Mile","Feature Film","Curtis Hanson","6","7.0","110","2002","drama, music","201505","2002-09-08","http://www.imdb.com/title/tt0298203/"
"13","tt1748122","Sun Dec 22 00:00:00 2013","","","Moonrise Kingdom","Feature Film","Wes Anderson","10","7.8","94","2012","adventure, comedy, drama, romance","256467","2012-05-16","http://www.imdb.com/title/tt1748122/"
"14","tt1790885","Sun Dec 22 00:00:00 2013","","","Zero Dark Thirty","Feature Film","Kathryn Bigelow","9","7.4","157","2012","drama, history, thriller","227908","2012-12-19","http://www.imdb.com/title/tt1790885/"
"15","tt2103267","Sun Dec 22 00:00:00 2013","","","Adore","Feature Film","Anne Fontaine","9","6.2","112","2013","drama, romance","25522","2013-01-18","http://www.imdb.com/title/tt2103267/"
"16","tt0245574","Sun Dec 22 00:00:00 2013","","","Y Tu Mamá También","Feature Film","Alfonso Cuarón","8","7.7","106","2001","adventure, comedy, drama, romance","96385","2001-06-08","http://www.imdb.com/title/tt0245574/"
"17","tt1193138","Sun Dec 22 00:00:00 2013","","","Up in the Air","Feature Film","Jason Reitman","7","7.4","109","2009","drama, romance","280668","2009-09-05","http://www.imdb.com/title/tt1193138/"
"18","tt2334873","Sun Dec 22 00:00:00 2013","","","Blue Jasmine","Feature Film","Woody Allen","8","7.3","98","2013","drama","161666","2013-07-22","http://www.imdb.com/title/tt2334873/"
"19","tt1727388","Sun Dec 22 00:00:00 2013","","","The Way Way Back","Feature Film","Nat Faxon, Jim Rash","9","7.4","103","2013","comedy, drama","122496","2013-01-21","http://www.imdb.com/title/tt1727388/"
"20","tt0162346","Sun Dec 22 00:00:00 2013","","","Ghost World","Feature Film","Terry Zwigoff","9","7.4","111","2001","comedy, drama","100574","2001-06-16","http://www.imdb.com/title/tt0162346/"
"21","tt0096969","Sun Dec 22 00:00:00 2013","","","Born on the Fourth of July","Feature Film","Oliver Stone","6","7.2","145","1989","biography, drama, war","81408","1989-12-20","http://www.imdb.com/title/tt0096969/"
"22","tt1683526","Tue Dec 17 00:00:00 2013","","","Detachment","Feature Film","Tony Kaye","7","7.7","98","2011","drama","61893","2011-04-25","http://www.imdb.com/title/tt1683526/"
"23","tt1412442","Thu Sep 26 00:00:00 2013","","","Beware the Gonzo","Feature Film","Bryan Goluboff","6","6.4","94","2010","comedy, drama, romance","1362","2010-04-22","http://www.imdb.com/title/tt1412442/"
"24","tt1824254","Thu Sep 26 00:00:00 2013","","","We Steal Secrets: The Story of WikiLeaks","Documentary","Alex Gibney","8","6.9","130","2013","documentary","6642","2013-01-21","http://www.imdb.com/title/tt1824254/"
"25","tt1232776","Thu Sep 26 00:00:00 2013","","","Fish Tank","Feature Film","Andrea Arnold","7","7.3","123","2009","drama","50797","2009-05-14","http://www.imdb.com/title/tt1232776/"
"26","tt1692486","Thu Sep 26 00:00:00 2013","","","Carnage","Feature Film","Roman Polanski","9","7.2","80","2011","comedy, drama","102167","2011-09-01","http://www.imdb.com/title/tt1692486/"
"27","tt2132285","Thu Sep 26 00:00:00 2013","","","The Bling Ring","Feature Film","Sofia Coppola","8","5.6","90","2013","biography, crime, drama","71678","2013-05-16","http://www.imdb.com/title/tt2132285/"
"28","tt1189073","Sun Aug 18 00:00:00 2013","","","The Skin I Live In","Feature Film","Pedro Almodóvar","9","7.6","120","2011","drama, thriller","109710","2011-05-19","http://www.imdb.com/title/tt1189073/"
"29","tt1907668","Sun Aug 18 00:00:00 2013","","","Flight","Feature Film","Robert Zemeckis","7","7.3","138","2012","drama, thriller","277717","2012-10-14","http://www.imdb.com/title/tt1907668/"
"30","tt1498569","Sat Aug  3 00:00:00 2013","","","Restless","Feature Film","Gus Van Sant","10","6.8","91","2011","drama, romance","15736","2011-04-06","http://www.imdb.com/title/tt1498569/"
"31","tt0420609","Sat Aug  3 00:00:00 2013","","","Infamous","Feature Film","Douglas McGrath","9","7.1","110","2006","biography, crime, drama","14723","2006-08-31","http://www.imdb.com/title/tt0420609/"
"32","tt0913425","Sat Aug  3 00:00:00 2013","","","Broken Embraces","Feature Film","Pedro Almodóvar","7","7.2","127","2009","drama, romance, thriller","33016","2009-03-17","http://www.imdb.com/title/tt0913425/"
"33","tt1866249","Sat Aug  3 00:00:00 2013","","","The Sessions","Feature Film","Ben Lewin","9","7.2","95","2012","biography, comedy, drama, romance","37624","2012-01-23","http://www.imdb.com/title/tt1866249/"
"34","tt1853728","Sat Aug  3 00:00:00 2013","","","Django Unchained","Feature Film","Quentin Tarantino","9","8.4","165","2012","drama, western","1048422","2012-12-11","http://www.imdb.com/title/tt1853728/"
"35","tt1024648","Sat Aug  3 00:00:00 2013","","","Argo","Feature Film","Ben Affleck","9","7.7","120","2012","biography, drama, history, thriller","484358","2012-08-31","http://www.imdb.com/title/tt1024648/"
"36","tt1033575","Sat Aug  3 00:00:00 2013","","","The Descendants","Feature Film","Alexander Payne","9","7.3","115","2011","comedy, drama","212034","2011-09-02","http://www.imdb.com/title/tt1033575/"
"37","tt1796960","Mon Jun 24 00:00:00 2013","","","Homeland","TV Series","","10","8.4","55","2011","crime, drama, mystery, thriller","251419","2011-10-02","http://www.imdb.com/title/tt1796960/"
"38","tt1043860","Mon Jun 10 00:00:00 2013","","","Newcastle","Feature Film","Dan Castle","3","6.2","107","2008","drama","1424","2008-04-25","http://www.imdb.com/title/tt1043860/"
"39","tt0436697","Mon Jun 10 00:00:00 2013","","","The Queen","Feature Film","Stephen Frears","7","7.3","103","2006","biography, drama","90115","2006-09-02","http://www.imdb.com/title/tt0436697/"
"40","tt1190858","Mon Jan 21 00:00:00 2013","","","Amreeka","Feature Film","Cherien Dabis","7","7.1","96","2009","drama","3169","2009-01-17","http://www.imdb.com/title/tt1190858/"
"41","tt0067778","Mon Jan 21 00:00:00 2013","","","Dearest Love","Feature Film","Louis Malle","5","7.9","118","1971","comedy, drama","6946","1971-04-28","http://www.imdb.com/title/tt0067778/"
"42","tt0427944","Mon Jan 21 00:00:00 2013","","","Thank You for Smoking","Feature Film","Jason Reitman","8","7.6","92","2005","comedy, drama","197371","2005-09-09","http://www.imdb.com/title/tt0427944/"
"43","tt1027718","Mon Jan 21 00:00:00 2013","","","Wall Street: Money Never Sleeps","Feature Film","Oliver Stone","6","6.2","133","2010","drama","87618","2010-05-14","http://www.imdb.com/title/tt1027718/"
"44","tt0301357","Mon Jan 21 00:00:00 2013","","","Good Bye Lenin!","Feature Film","Wolfgang Becker","8","7.7","121","2003","drama, romance","119835","2003-02-09","http://www.imdb.com/title/tt0301357/"
"45","tt1587707","Mon Jan 21 00:00:00 2013","","","Exit Through the Gift Shop","Documentary","Banksy","8","8.0","87","2010","documentary, comedy, crime, history","54449","2010-01-24","http://www.imdb.com/title/tt1587707/"
"46","tt1205489","Mon Jan 21 00:00:00 2013","","","Gran Torino","Feature Film","Clint Eastwood","9","8.2","116","2008","drama","600063","2008-12-09","http://www.imdb.com/title/tt1205489/"
"47","tt1659337","Sat Dec 22 00:00:00 2012","","","The Perks of Being a Wallflower","Feature Film","Stephen Chbosky","10","8.0","102","2012","drama, romance","380182","2012-09-08","http://www.imdb.com/title/tt1659337/"
"48","tt0349747","Wed Nov 28 00:00:00 2012","","","The Lost Prince","TV Movie","Stephen Poliakoff","5","7.9","180","2003","biography, drama","1635","2003-01-19","http://www.imdb.com/title/tt0349747/"
"49","tt1019452","Wed Nov 28 00:00:00 2012","","","A Serious Man","Feature Film","Ethan Coen, Joel Coen","8","7.0","106","2009","comedy, drama","108778","2009-09-12","http://www.imdb.com/title/tt1019452/"
"50","tt1174732","Wed Nov 28 00:00:00 2012","","","An Education","Feature Film","Lone Scherfig","8","7.3","100","2009","drama","116250","2009-01-18","http://www.imdb.com/title/tt1174732/"
"51","tt0840196","Wed Nov  7 00:00:00 2012","","","Skins","TV Series","","9","8.2","46","2007","drama","62871","2007-01-25","http://www.imdb.com/title/tt0840196/"
"52","tt0264464","Wed Nov  7 00:00:00 2012","","","Catch Me If You Can","Feature Film","Steven Spielberg","7","8.1","141","2002","biography, crime, drama","594142","2002-12-16","http://www.imdb.com/title/tt0264464/"
"53","tt0388795","Wed Nov  7 00:00:00 2012","","","Brokeback Mountain","Feature Film","Ang Lee","9","7.7","134","2005","drama, romance","273426","2005-09-02","http://www.imdb.com/title/tt0388795/"
"54","tt0317248","Wed Oct 17 00:00:00 2012","","","City of God","Feature Film","Fernando Meirelles, Kátia Lund","9","8.7","130","2002","crime, drama","571485","2002-05-18","http://www.imdb.com/title/tt0317248/"
"55","tt1462758","Mon Sep 24 00:00:00 2012","","","Buried","Feature Film","Rodrigo Cortés","9","7.0","95","2010","drama, mystery, thriller","125657","2010-01-23","http://www.imdb.com/title/tt1462758/"
"56","tt0117883","Sun Sep 23 00:00:00 2012","","","Thesis","Feature Film","Alejandro Amenábar","8","7.5","125","1996","horror, mystery, thriller","29722","1996-02","http://www.imdb.com/title/tt0117883/"
"57","tt0441909","Sun Sep 23 00:00:00 2012","","","Volver","Feature Film","Pedro Almodóvar","7","7.6","121","2006","comedy, crime, drama, mystery","80957","2006-03-10","http://www.imdb.com/title/tt0441909/"
"58","tt0185125","Sun Sep 23 00:00:00 2012","","","All About My Mother","Feature Film","Pedro Almodóvar","9","7.9","101","1999","drama","73608","1999-04-08","http://www.imdb.com/title/tt0185125/"
"59","tt0369702","Sun Sep 23 00:00:00 2012","","","The Sea Inside","Feature Film","Alejandro Amenábar","9","8.0","125","2004","biography, drama, romance","67700","2004-09-02","http://www.imdb.com/title/tt0369702/"
"60","tt0275491","Sun Sep 23 00:00:00 2012","","","Bad Education","Feature Film","Pedro Almodóvar","8","7.5","106","2004","crime, drama","47683","2004-03-19","http://www.imdb.com/title/tt0275491/"
"61","tt0230600","Sun Sep 23 00:00:00 2012","","","The Others","Feature Film","Alejandro Amenábar","8","7.6","101","2001","horror, mystery, thriller","286914","2001-08-02","http://www.imdb.com/title/tt0230600/"
"62","tt0362227","Sun Sep 23 00:00:00 2012","","","The Terminal","Feature Film","Steven Spielberg","7","7.3","128","2004","comedy, drama, romance","325622","2004-06-09","http://www.imdb.com/title/tt0362227/"
"63","tt0419256","Thu Aug  9 00:00:00 2012","","","Wah-Wah","Feature Film","Richard E. Grant","7","6.9","120","2005","drama","2701","2005-08-17","http://www.imdb.com/title/tt0419256/"
"64","tt0804503","Thu Aug  9 00:00:00 2012","","","Mad Men","TV Series","","10","8.6","47","2007","drama","155039","2007-07-19","http://www.imdb.com/title/tt0804503/"
"65","tt0180093","Thu Aug  9 00:00:00 2012","","","Requiem for a Dream","Feature Film","Darren Aronofsky","9","8.4","102","2000","drama","618344","2000-05-14","http://www.imdb.com/title/tt0180093/"
"66","tt1675434","Thu Aug  9 00:00:00 2012","","","Intouchables","Feature Film","Olivier Nakache, Eric Toledano","9","8.6","112","2011","biography, comedy, drama","564147","2011-09-23","http://www.imdb.com/title/tt1675434/"
"67","tt0363163","Thu Aug  9 00:00:00 2012","","","Downfall","Feature Film","Oliver Hirschbiegel","8","8.3","156","2004","biography, drama, history, war","266979","2004-09-08","http://www.imdb.com/title/tt0363163/"
"68","tt1723811","Thu Aug  9 00:00:00 2012","","","Shame","Feature Film","Steve McQueen","7","7.2","101","2011","drama","156100","2011-09-04","http://www.imdb.com/title/tt1723811/"
"69","tt0275309","Sun Jul  1 00:00:00 2012","","","Dogtown and Z-Boys","Documentary","Stacy Peralta","10","7.7","91","2001","documentary, sport","10755","2001-01-19","http://www.imdb.com/title/tt0275309/"
"70","tt0386032","Sun Jul  1 00:00:00 2012","","","Sicko","Documentary","Michael Moore","6","8.0","123","2007","documentary, drama","68835","2007-05-19","http://www.imdb.com/title/tt0386032/"
"71","tt0138414","Sun Jul  1 00:00:00 2012","","","Edge of Seventeen","Feature Film","David Moreton","1","6.8","99","1998","comedy, drama, romance","4825","1998-06-14","http://www.imdb.com/title/tt0138414/"
"72","tt0362269","Sun Jul  1 00:00:00 2012","","","Kinsey","Feature Film","Bill Condon","9","7.1","118","2004","biography, drama, romance","43770","2004-09-04","http://www.imdb.com/title/tt0362269/"
"73","tt0360201","Sun Jul  1 00:00:00 2012","","","Wimbledon","Feature Film","Richard Loncraine","8","6.3","98","2004","comedy, romance, sport","53625","2004-09-13","http://www.imdb.com/title/tt0360201/"
"74","tt0455590","Sun Jul  1 00:00:00 2012","","","The Last King of Scotland","Feature Film","Kevin Macdonald","7","7.7","123","2006","biography, drama, history, thriller","153146","2006-09-01","http://www.imdb.com/title/tt0455590/"
"75","tt1007029","Sun Jul  1 00:00:00 2012","","","The Iron Lady","Feature Film","Phyllida Lloyd","10","6.4","105","2011","biography, drama","87671","2011-12-26","http://www.imdb.com/title/tt1007029/"
"76","tt0390521","Sun Jul  1 00:00:00 2012","","","Super Size Me","Documentary","Morgan Spurlock","7","7.3","100","2004","documentary, comedy, drama","89633","2004-01-17","http://www.imdb.com/title/tt0390521/"
"77","tt0947798","Sun Jul  1 00:00:00 2012","","","Black Swan","Feature Film","Darren Aronofsky","9","8.0","108","2010","drama, thriller","584835","2010-09-01","http://www.imdb.com/title/tt0947798/"
"78","tt0268978","Sun Jul  1 00:00:00 2012","","","A Beautiful Mind","Feature Film","Ron Howard","8","8.2","135","2001","biography, drama","667510","2001-12-13","http://www.imdb.com/title/tt0268978/"
"79","tt0181875","Sun Jul  1 00:00:00 2012","","","Almost Famous","Feature Film","Cameron Crowe","8","7.9","122","2000","adventure, comedy, drama, music","217563","2000-09-08","http://www.imdb.com/title/tt0181875/"
"80","tt1542344","Sun Jul  1 00:00:00 2012","","","127 Hours","Feature Film","Danny Boyle","9","7.6","94","2010","adventure, biography, drama, thriller","295609","2010-09-04","http://www.imdb.com/title/tt1542344/"
"81","tt1013753","Sun Jul  1 00:00:00 2012","","","Milk","Feature Film","Gus Van Sant","9","7.6","128","2008","biography, drama, history, romance","143705","2008-10-28","http://www.imdb.com/title/tt1013753/"
"82","tt0484039","Sat Jun  2 00:00:00 2012","","","Glue","Feature Film","Alexis Dos Santos","6","6.5","110","2006","drama, romance","1335","2006-02-02","http://www.imdb.com/title/tt0484039/"
"83","tt0430768","Sat Jun  2 00:00:00 2012","","","Wild Tigers I Have Known","Feature Film","Cam Archer","8","6.2","88","2006","drama","1874","2006-01","http://www.imdb.com/title/tt0430768/"
"84","tt1424327","Sat Jun  2 00:00:00 2012","","","Eyes Wide Open","Feature Film","Haim Tabakman","6","7.3","91","2009","drama, romance","5252","2009-05-20","http://www.imdb.com/title/tt1424327/"
"85","tt0910847","Sat Jun  2 00:00:00 2012","","","Breakfast with Scot","Feature Film","Laurie Lynd","6","6.9","90","2007","comedy, drama, music, romance, sport","2595","2007-09-09","http://www.imdb.com/title/tt0910847/"
"86","tt1067733","Sat Jun  2 00:00:00 2012","","","Patrik, Age 1.5","Feature Film","Ella Lemhagen","7","6.9","103","2008","comedy, drama, romance","8029","2008-09-06","http://www.imdb.com/title/tt1067733/"
"87","tt0842929","Sat Jun  2 00:00:00 2012","","","Paranoid Park","Feature Film","Gus Van Sant","8","6.7","85","2007","crime, drama, mystery","26091","2007-05-21","http://www.imdb.com/title/tt0842929/"
"88","tt0995829","Sat Jun  2 00:00:00 2012","","","XXY","Feature Film","Lucía Puenzo","6","7.1","86","2007","drama, romance","11156","2007-05-20","http://www.imdb.com/title/tt0995829/"
"89","tt0420206","Sat Jun  2 00:00:00 2012","","","Summer Storm","Feature Film","Marco Kreuzpaintner","8","7.4","98","2004","comedy, drama, romance, sport","11632","2004-09-02","http://www.imdb.com/title/tt0420206/"
"90","tt0892255","Sat Jun  2 00:00:00 2012","","","Che: Part One","Feature Film","Steven Soderbergh","7","7.2","134","2008","biography, drama, history, war","39721","2008-05-21","http://www.imdb.com/title/tt0892255/"
"91","tt0384369","Sat Jun  2 00:00:00 2012","","","Before the Fall","Feature Film","Dennis Gansel","9","7.5","117","2004","drama, sport, thriller, war","11751","2004-07-04","http://www.imdb.com/title/tt0384369/"
"92","tt0276751","Sat Jun  2 00:00:00 2012","","","About a Boy","Feature Film","Chris Weitz, Paul Weitz","7","7.1","101","2002","comedy, drama, romance","149766","2002-04-26","http://www.imdb.com/title/tt0276751/"
"93","tt0942384","Sat Jun  2 00:00:00 2012","","","Shelter","Feature Film","Jonah Markowitz","9","7.8","97","2007","drama, romance, sport","17089","2007-06-16","http://www.imdb.com/title/tt0942384/"
"94","tt0480025","Sat Jun  2 00:00:00 2012","","","This Is England","Feature Film","Shane Meadows","9","7.7","101","2006","crime, drama","103102","2006-09-12","http://www.imdb.com/title/tt0480025/"
"95","tt0363589","Sat Jun  2 00:00:00 2012","","","Elephant","Feature Film","Gus Van Sant","9","7.2","81","2003","crime, drama, thriller","74168","2003-05-18","http://www.imdb.com/title/tt0363589/"
"96","tt1057500","Sat Jun  2 00:00:00 2012","","","Invictus","Feature Film","Clint Eastwood","7","7.4","134","2009","biography, drama, history, sport","131024","2009-12-03","http://www.imdb.com/title/tt1057500/"
"97","tt1063669","Sat Jun  2 00:00:00 2012","","","The Wave","Feature Film","Dennis Gansel","8","7.6","107","2008","drama, thriller","86320","2008-01-18","http://www.imdb.com/title/tt1063669/"
"98","tt0929425","Sat Jun  2 00:00:00 2012","","","Gomorrah","Feature Film","Matteo Garrone","6","7.0","137","2008","crime, drama","40175","2008-05-16","http://www.imdb.com/title/tt0929425/"
"99","tt0115640","Sat Jun  2 00:00:00 2012","","","Beautiful Thing","Feature Film","Hettie Macdonald","7","7.7","90","1996","comedy, drama, romance","19485","1996-03-28","http://www.imdb.com/title/tt0115640/"
"100","tt0120586","Sat Jun  2 00:00:00 2012","","","American History X","Feature Film","Tony Kaye","10","8.5","119","1998","crime, drama","842542","1998-10-30","http://www.imdb.com/title/tt0120586/"
"101","tt0118799","Sat Jun  2 00:00:00 2012","","","Life Is Beautiful","Feature Film","Roberto Benigni","10","8.6","116","1997","comedy, drama, war","464635","1997-12-20","http://www.imdb.com/title/tt0118799/"
"102","tt0253474","Sat Jun  2 00:00:00 2012","","","The Pianist","Feature Film","Roman Polanski","10","8.5","150","2002","biography, drama, music, war","546484","2002-05-24","http://www.imdb.com/title/tt0253474/"
"103","tt0405159","Sat Jun  2 00:00:00 2012","","","Million Dollar Baby","Feature Film","Clint Eastwood","8","8.1","132","2004","drama, sport","519733","2004-12-05","http://www.imdb.com/title/tt0405159/"
"104","tt0338751","Sat Jun  2 00:00:00 2012","","","The Aviator","Feature Film","Martin Scorsese","8","7.5","170","2004","biography, drama, history","280417","2004-12-14","http://www.imdb.com/title/tt0338751/"
"105","tt1242460","Sat Jun  2 00:00:00 2012","","","We Need to Talk About Kevin","Feature Film","Lynne Ramsay","8","7.5","112","2011","drama, mystery, thriller","106133","2011-05-12","http://www.imdb.com/title/tt1242460/"
"106","tt0454921","Sat Jun  2 00:00:00 2012","","","The Pursuit of Happyness","Feature Film","Gabriele Muccino","8","8.0","117","2006","biography, drama","363501","2006-12-15","http://www.imdb.com/title/tt0454921/"
"107","tt1125849","Sat Jun  2 00:00:00 2012","","","The Wrestler","Feature Film","Darren Aronofsky","9","7.9","109","2008","drama, sport","260471","2008-09-05","http://www.imdb.com/title/tt1125849/"
"108","tt0355702","Sat Jun  2 00:00:00 2012","","","Lords of Dogtown","Feature Film","Catherine Hardwicke","8","7.1","107","2005","biography, drama, sport","45863","2005-06-03","http://www.imdb.com/title/tt0355702/"
"109","tt0424136","Sat Jun  2 00:00:00 2012","","","Hard Candy","Feature Film","David Slade","9","7.1","104","2005","crime, drama, thriller","137552","2005-01","http://www.imdb.com/title/tt0424136/"
"110","tt1532503","Mon Apr 23 00:00:00 2012","","","Beginners","Feature Film","Mike Mills","9","7.2","105","2010","comedy, drama, romance","77760","2010-09-11","http://www.imdb.com/title/tt1532503/"
"111","tt0889595","Wed Apr 11 00:00:00 2012","","","Dream Boy","Feature Film","James Bolton","10","6.2","88","2008","drama, romance","3161","2008-02-12","http://www.imdb.com/title/tt0889595/"
"112","tt0373926","Wed Apr 11 00:00:00 2012","","","The Interpreter","Feature Film","Sydney Pollack","8","6.4","128","2005","crime, mystery, thriller","88590","2005-04-04","http://www.imdb.com/title/tt0373926/"
"113","tt0167404","Wed Apr 11 00:00:00 2012","","","The Sixth Sense","Feature Film","M. Night Shyamalan","9","8.1","107","1999","drama, mystery, thriller","753858","1999-08-02","http://www.imdb.com/title/tt0167404/"
"114","tt0367027","Wed Apr 11 00:00:00 2012","","","Shortbus","Feature Film","John Cameron Mitchell","4","6.5","101","2006","drama, romance","28491","2006-05-20","http://www.imdb.com/title/tt0367027/"
"115","tt1035498","Sun Apr  8 00:00:00 2012","","","Tan Lines","Feature Film","Ed","9","5.3","96","2005","drama, romance","939","2005","http://www.imdb.com/title/tt1035498/"
"116","tt1340107","Sun Apr  8 00:00:00 2012","","","In a Better World","Feature Film","Susanne Bier","10","7.7","119","2010","drama, romance","34238","2010-08-26","http://www.imdb.com/title/tt1340107/"
"117","tt0372824","Sun Apr  8 00:00:00 2012","","","The Chorus","Feature Film","Christophe Barratier","9","7.9","97","2004","drama, music","47058","2004-03-17","http://www.imdb.com/title/tt0372824/"
"118","tt0370986","Sun Apr  8 00:00:00 2012","","","Mysterious Skin","Feature Film","Gregg Araki","9","7.7","105","2004","drama, mystery","59107","2004-09-03","http://www.imdb.com/title/tt0370986/"
"119","tt0468569","Sun Apr  8 00:00:00 2012","","","The Dark Knight","Feature Film","Christopher Nolan","9","9.0","152","2008","action, crime, drama, thriller","1805689","2008-07-14","http://www.imdb.com/title/tt0468569/"
"120","tt0109830","Sun Apr  8 00:00:00 2012","","","Forrest Gump","Feature Film","Robert Zemeckis","6","8.8","142","1994","comedy, drama, romance","1372582","1994-06-23","http://www.imdb.com/title/tt0109830/"
"121","tt1201607","Sun Apr  8 00:00:00 2012","","","Harry Potter and the Deathly Hallows: Part 2","Feature Film","David Yates","10","8.1","130","2011","adventure, drama, fantasy, mystery","595967","2011-07-07","http://www.imdb.com/title/tt1201607/"
"122","tt0361748","Sun Apr  8 00:00:00 2012","","","Inglourious Basterds","Feature Film","Quentin Tarantino","10","8.3","153","2009","adventure, drama, war","968217","2009-05-20","http://www.imdb.com/title/tt0361748/"
"123","tt1375666","Sun Apr  8 00:00:00 2012","","","Inception","Feature Film","Christopher Nolan","9","8.8","148","2010","action, adventure, sci_fi, thriller","1596829","2010-07-08","http://www.imdb.com/title/tt1375666/"
"124","tt0120815","Sun Apr  8 00:00:00 2012","","","Saving Private Ryan","Feature Film","Steven Spielberg","6","8.6","169","1998","drama, war","959195","1998-07-21","http://www.imdb.com/title/tt0120815/"
"125","tt0110912","Sun Apr  8 00:00:00 2012","","","Pulp Fiction","Feature Film","Quentin Tarantino","2","8.9","154","1994","crime, drama","1429984","1994-05-21","http://www.imdb.com/title/tt0110912/"
"126","tt0145487","Sun Apr  8 00:00:00 2012","","","Spider-Man","Feature Film","Sam Raimi","6","7.3","121","2002","action, adventure","578006","2002-04-30","http://www.imdb.com/title/tt0145487/"
"127","tt1130884","Sun Apr  8 00:00:00 2012","","","Shutter Island","Feature Film","Martin Scorsese","9","8.1","138","2010","mystery, thriller","863787","2010-02-13","http://www.imdb.com/title/tt1130884/"
"128","tt0108052","Sun Apr  8 00:00:00 2012","","","Schindler's List","Feature Film","Steven Spielberg","10","8.9","195","1993","biography, drama, history","937669","1993-11-30","http://www.imdb.com/title/tt0108052/"
"129","tt0499549","Sun Apr  8 00:00:00 2012","","","Avatar","Feature Film","James Cameron","6","7.8","162","2009","action, adventure, fantasy, sci_fi","941076","2009-12-10","http://www.imdb.com/title/tt0499549/"
"130","tt0209144","Sun Apr  8 00:00:00 2012","","","Memento","Feature Film","Christopher Nolan","6","8.5","113","2000","mystery, thriller","910829","2000-09-05","http://www.imdb.com/title/tt0209144/"
"131","tt1454029","Sun Apr  8 00:00:00 2012","","","The Help","Feature Film","Tate Taylor","9","8.1","146","2011","drama","344996","2011-08-09","http://www.imdb.com/title/tt1454029/"
"132","tt0167260","Sun Apr  8 00:00:00 2012","","","The Lord of the Rings: The Return of the King","Feature Film","Peter Jackson","1","8.9","201","2003","adventure, drama, fantasy","1309354","2003-12-01","http://www.imdb.com/title/tt0167260/"
"133","tt1285016","Sun Apr  8 00:00:00 2012","","","The Social Network","Feature Film","David Fincher","7","7.7","120","2010","biography, drama","513347","2010-09-24","http://www.imdb.com/title/tt1285016/"
"134","tt1010048","Sun Apr  8 00:00:00 2012","","","Slumdog Millionaire","Feature Film","Danny Boyle, Loveleen Tandan","8","8.0","120","2008","drama","680928","2008-08-30","http://www.imdb.com/title/tt1010048/"
"135","tt0061722","Sun Apr  8 00:00:00 2012","","","The Graduate","Feature Film","Mike Nichols","7","8.0","106","1967","comedy, drama","220459","1967-12-21","http://www.imdb.com/title/tt0061722/"
"136","tt0113540","Sun Apr  8 00:00:00 2012","","","Kids","Feature Film","Larry Clark","6","7.0","91","1995","drama","62327","1995-01","http://www.imdb.com/title/tt0113540/"
"137","tt1504320","Sun Apr  8 00:00:00 2012","","","The King's Speech","Feature Film","Tom Hooper","10","8.0","118","2010","biography, drama","537409","2010-09-06","http://www.imdb.com/title/tt1504320/"
"138","tt0249462","Sun Apr  8 00:00:00 2012","","","Billy Elliot","Feature Film","Stephen Daldry","8","7.7","110","2000","drama, music, romance","103224","2000-05-19","http://www.imdb.com/title/tt0249462/"
"139","tt1315981","Sun Apr  8 00:00:00 2012","","","A Single Man","Feature Film","Tom Ford","10","7.6","99","2009","drama, romance","91017","2009-09-11","http://www.imdb.com/title/tt1315981/"
"140","tt0209077","Sun Apr  8 00:00:00 2012","","","Ken Park","Feature Film","Larry Clark, Ed Lachman","8","5.9","93","2002","drama","25926","2002-08-31","http://www.imdb.com/title/tt0209077/"
"141","tt1655442","Sun Apr  8 00:00:00 2012","","","The Artist","Feature Film","Michel Hazanavicius","8","7.9","100","2011","comedy, drama, romance","200513","2011-05-15","http://www.imdb.com/title/tt1655442/"
<link rel="stylesheet" type="text/css" href="http://i.media-imdb.com/images/SFc25df55df212e779731eda38c3806095/css/min/lists.css" ><link rel="stylesheet" type="text/css" href="http://i.media-imdb.com/images/SFee9c9a814eba8342b847680ef4330580/css2/site/consumer-navbar-mega.css" ><link rel="stylesheet" type="text/css" href="http://i.media-imdb.com/images/SFa88e6ba92e5894e7909b0d2ef5d21e79/css2/site/consumer-navbar-suggestionsearch.css" >